FIPS,vets_2016
01001,"5,949"
01003,"20,085"
01005,"1,792"
01007,"1,233"
01009,"4,011"
01011,494
01013,"1,483"
01015,"10,910"
01017,"2,463"
01019,"1,868"
01021,"2,891"
01023,841
01025,"1,616"
01027,"1,152"
01029,894
01031,"7,110"
01033,"3,926"
01035,922
01037,896
01039,"3,237"
01041,"1,016"
01043,"5,926"
01045,"6,978"
01047,"2,595"
01049,"3,725"
01051,"8,025"
01053,"2,705"
01055,"7,513"
01057,"1,280"
01059,"1,529"
01061,"2,575"
01063,500
01065,883
01067,"1,332"
01069,"9,677"
01071,"3,519"
01073,"41,918"
01075,966
01077,"7,284"
01079,"1,824"
01081,"11,129"
01083,"7,182"
01085,698
01087,"1,460"
01089,"35,780"
01091,"1,253"
01093,"1,931"
01095,"6,986"
01097,"31,638"
01099,"1,324"
01101,"19,650"
01103,"9,242"
01105,597
01107,"1,235"
01109,"2,270"
01111,"1,521"
01113,"6,385"
01115,"6,484"
01117,"12,466"
01119,632
01121,"6,027"
01123,"3,440"
01125,"11,324"
01127,"4,418"
01129,923
01131,541
01133,"1,685"
02013,67
02016,152
02020,"30,063"
02050,722
02060,37
02068,222
02070,211
02090,"11,732"
02100,236
02105,161
02110,"2,258"
02122,"5,241"
02130,"1,183"
02150,970
02158,278
02164,119
02170,"10,194"
02180,453
02185,324
02188,253
02195,236
02198,437
02220,550
02230,91
02240,890
02261,738
02275,240
02282,60
02290,316
04001,"2,829"
04003,"19,799"
04005,"8,528"
04007,"5,915"
04009,"2,059"
04011,627
04012,"2,364"
04013,"269,692"
04015,"24,899"
04017,"7,205"
04019,"90,420"
04021,"35,212"
04023,"1,917"
04025,"27,254"
04027,"16,331"
05001,"1,290"
05003,"1,524"
05005,"5,129"
05007,"16,857"
05009,"3,264"
05011,784
05013,350
05015,"2,342"
05017,718
05019,"1,455"
05021,"1,153"
05023,"2,760"
05025,641
05027,"1,654"
05029,"1,612"
05031,"6,083"
05033,"4,839"
05035,"3,114"
05037,"1,156"
05039,551
05041,766
05043,"1,211"
05045,"8,939"
05047,"1,440"
05049,"1,183"
05051,"10,242"
05053,"1,355"
05055,"2,956"
05057,"1,362"
05059,"2,748"
05061,886
05063,"2,683"
05065,"1,438"
05067,"1,146"
05069,"5,315"
05071,"1,834"
05073,408
05075,"1,166"
05077,348
05079,662
05081,"1,005"
05083,"1,765"
05085,"8,309"
05087,"1,155"
05089,"2,109"
05091,"3,476"
05093,"2,750"
05095,570
05097,905
05099,712
05101,707
05103,"1,903"
05105,885
05107,"1,131"
05109,822
05111,"1,426"
05113,"1,957"
05115,"4,719"
05117,634
05119,"30,934"
05121,"1,322"
05123,"1,290"
05125,"10,062"
05127,827
05129,691
05131,"9,377"
05133,886
05135,"1,857"
05137,"1,184"
05139,"2,945"
05141,"1,742"
05143,"12,499"
05145,"5,223"
05147,504
05149,"1,471"
06001,"53,920"
06003,98
06005,"3,919"
06007,"16,375"
06009,"4,398"
06011,891
06013,"51,832"
06015,"2,183"
06017,"14,726"
06019,"40,870"
06021,"1,401"
06023,"8,907"
06025,"6,297"
06027,"1,432"
06029,"40,308"
06031,"9,596"
06033,"5,630"
06035,"2,245"
06037,"294,652"
06039,"7,684"
06041,"11,869"
06043,"1,727"
06045,"5,899"
06047,"11,259"
06049,798
06051,827
06053,"18,881"
06055,"8,935"
06057,"8,632"
06059,"115,115"
06061,"28,155"
06063,"1,996"
06065,"130,906"
06067,"87,027"
06069,"2,577"
06071,"102,270"
06073,"245,377"
06075,"24,199"
06077,"32,193"
06079,"17,481"
06081,"24,333"
06083,"22,547"
06085,"55,727"
06087,"11,274"
06089,"15,998"
06091,339
06093,"4,402"
06095,"35,589"
06097,"24,343"
06099,"24,878"
06101,"6,517"
06103,"5,094"
06105,"1,320"
06107,"16,389"
06109,"4,841"
06111,"42,194"
06113,"9,063"
06115,"6,880"
08001,"29,055"
08003,990
08005,"44,661"
08007,"1,167"
08009,285
08011,435
08013,"14,788"
08014,"4,089"
08015,"1,761"
08017,128
08019,856
08021,544
08023,382
08025,294
08027,542
08029,"3,032"
08031,"32,925"
08033,154
08035,"19,871"
08037,"1,575"
08039,"2,338"
08041,"98,711"
08043,"5,344"
08045,"2,939"
08047,476
08049,795
08051,826
08053,115
08055,739
08057,117
08059,"39,483"
08061,89
08063,527
08065,537
08067,"3,593"
08069,"23,366"
08071,"1,341"
08073,360
08075,"1,548"
08077,"12,624"
08079,86
08081,833
08083,"2,265"
08085,"3,513"
08087,"1,558"
08089,"1,489"
08091,402
08093,"1,678"
08095,334
08097,671
08099,713
08101,"14,777"
08103,473
08105,857
08107,"1,245"
08109,409
08111,48
08113,388
08115,217
08117,"1,185"
08119,"3,113"
08121,430
08123,"16,902"
08125,628
09001,"33,866"
09003,"46,876"
09005,"11,951"
09007,"11,019"
09009,"44,480"
09011,"24,714"
09013,"9,898"
09015,"8,803"
10001,"19,370"
10003,"32,448"
10005,"21,013"
11001,"28,413"
12001,"16,513"
12003,"2,094"
12005,"24,571"
12007,"2,337"
12009,"70,275"
12011,"85,475"
12013,"1,348"
12015,"22,916"
12017,"20,569"
12019,"27,337"
12021,"29,324"
12023,"6,749"
12027,"2,171"
12029,"1,659"
12031,"91,296"
12033,"41,556"
12035,"11,725"
12037,"1,019"
12039,"3,527"
12041,"1,681"
12043,996
12045,"1,586"
12047,948
12049,"1,425"
12051,"1,598"
12053,"20,359"
12055,"11,196"
12057,"98,307"
12059,"1,756"
12061,"15,267"
12063,"4,407"
12065,"1,328"
12067,562
12069,"34,562"
12071,"62,578"
12073,"18,034"
12075,"4,759"
12077,527
12079,"1,330"
12081,"32,410"
12083,"39,272"
12085,"14,526"
12086,"61,075"
12087,"7,398"
12089,"8,947"
12091,"35,636"
12093,"2,876"
12095,"69,938"
12097,"17,683"
12099,"85,707"
12101,"51,749"
12103,"90,533"
12105,"50,218"
12107,"7,110"
12109,"19,939"
12111,"25,603"
12113,"24,444"
12115,"43,405"
12117,"31,017"
12119,"20,027"
12121,"4,183"
12123,"1,930"
12125,"1,064"
12127,"55,270"
12129,"2,718"
12131,"7,042"
12133,"2,391"
13001,"1,071"
13003,413
13005,601
13007,174
13009,"3,058"
13011,"1,110"
13013,"4,938"
13015,"7,926"
13017,"1,128"
13019,"1,595"
13021,"10,774"
13023,880
13025,"1,328"
13027,"1,462"
13029,"4,381"
13031,"4,528"
13033,"1,566"
13035,"1,586"
13037,292
13039,"7,448"
13043,842
13045,"6,847"
13047,"4,335"
13049,898
13051,"27,148"
13053,"1,637"
13055,"1,658"
13057,"15,112"
13059,"4,899"
13061,219
13063,"18,261"
13065,395
13067,"42,783"
13069,"2,257"
13071,"2,510"
13073,"16,193"
13075,"1,190"
13077,"11,344"
13079,"1,079"
13081,"1,300"
13083,"1,143"
13085,"1,961"
13087,"1,801"
13089,"37,785"
13091,"1,365"
13093,706
13095,"6,850"
13097,"10,792"
13099,626
13101,201
13103,"5,373"
13105,"1,328"
13107,"1,346"
13109,752
13111,"2,093"
13113,"10,574"
13115,"6,917"
13117,"10,083"
13119,"1,441"
13121,"45,734"
13123,"2,532"
13125,166
13127,"7,562"
13129,"3,369"
13131,"1,732"
13133,"1,297"
13135,"39,785"
13137,"2,897"
13139,"10,585"
13141,555
13143,"1,830"
13145,"3,406"
13147,"1,734"
13149,808
13151,"19,253"
13153,"20,464"
13155,640
13157,"4,562"
13159,922
13161,743
13163,"1,075"
13165,647
13167,494
13169,"2,070"
13171,"1,455"
13173,886
13175,"3,590"
13177,"2,528"
13179,"13,406"
13181,649
13183,"2,383"
13185,"9,871"
13187,"2,729"
13189,"1,573"
13191,"1,188"
13193,807
13195,"1,866"
13197,761
13199,"1,471"
13201,360
13205,"1,337"
13207,"2,029"
13209,431
13211,"1,241"
13213,"2,130"
13215,"24,128"
13217,"7,554"
13219,"1,927"
13221,"1,054"
13223,"10,324"
13225,"2,402"
13227,"2,611"
13229,"1,500"
13231,"1,328"
13233,"2,640"
13235,821
13237,"1,860"
13239,175
13241,"1,431"
13243,377
13245,"21,966"
13247,"6,752"
13249,306
13251,"1,036"
13253,749
13255,"4,735"
13257,"1,785"
13259,279
13261,"1,907"
13263,479
13265,127
13267,"1,656"
13269,468
13271,717
13273,603
13275,"3,393"
13277,"2,329"
13279,"1,866"
13281,"1,257"
13283,432
13285,"3,965"
13287,529
13289,650
13291,"2,437"
13293,"2,115"
13295,"4,705"
13297,"5,639"
13299,"2,862"
13301,321
13303,"1,253"
13305,"2,435"
13307,163
13309,316
13311,"2,454"
13313,"5,128"
13315,465
13317,780
13319,657
13321,"1,618"
15001,"15,647"
15003,"83,746"
15005,4
15007,"4,489"
15009,"9,058"
16001,"33,755"
16003,415
16005,"5,650"
16007,430
16009,950
16011,"2,400"
16013,"1,108"
16015,917
16017,"4,245"
16019,"6,985"
16021,"1,157"
16023,242
16025,106
16027,"14,064"
16029,401
16031,"1,061"
16033,29
16035,"1,061"
16037,358
16039,"4,300"
16041,583
16043,804
16045,"1,776"
16047,957
16049,"1,727"
16051,"1,246"
16053,"1,178"
16055,"13,552"
16057,"2,197"
16059,821
16061,347
16063,285
16065,937
16067,"1,071"
16069,"3,610"
16071,303
16073,745
16075,"1,809"
16077,453
16079,"1,271"
16081,312
16083,"5,619"
16085,"1,000"
16087,904
17001,"5,032"
17003,540
17005,"1,294"
17007,"2,896"
17009,368
17011,"2,540"
17013,385
17015,"1,412"
17017,955
17019,"10,005"
17021,"2,701"
17023,"1,295"
17025,852
17027,"3,055"
17029,"3,235"
17031,"182,804"
17033,"1,435"
17035,783
17037,"5,576"
17039,"1,234"
17041,"1,254"
17043,"35,196"
17045,"1,421"
17047,487
17049,"2,287"
17051,"1,479"
17053,988
17055,"3,268"
17057,"2,901"
17059,464
17061,"1,010"
17063,"3,190"
17065,496
17067,"1,525"
17069,305
17071,576
17073,"3,702"
17075,"2,013"
17077,"3,980"
17079,616
17081,"2,961"
17083,"1,987"
17085,"1,806"
17087,"1,091"
17089,"20,509"
17091,"7,584"
17093,"5,023"
17095,"4,220"
17097,"35,719"
17099,"9,662"
17101,"1,137"
17103,"2,560"
17105,"2,557"
17107,"2,067"
17109,"2,087"
17111,"15,579"
17113,"8,566"
17115,"8,104"
17117,"3,859"
17119,"22,664"
17121,"3,009"
17123,"1,008"
17125,"1,192"
17127,"1,216"
17129,"1,101"
17131,"1,289"
17133,"2,506"
17135,"2,358"
17137,"2,720"
17139,984
17141,"4,061"
17143,"12,094"
17145,"1,614"
17147,"1,214"
17149,"1,104"
17151,389
17153,500
17155,431
17157,"2,398"
17159,"1,191"
17161,"11,040"
17163,"28,409"
17165,"1,705"
17167,"14,821"
17169,608
17171,375
17173,"1,805"
17175,471
17177,"3,320"
17179,"10,274"
17181,"1,340"
17183,"6,068"
17185,959
17187,"1,249"
17189,"1,178"
17191,"1,187"
17193,"1,105"
17195,"4,426"
17197,"31,874"
17199,"5,706"
17201,"18,666"
17203,"2,680"
18001,"1,587"
18003,"21,561"
18005,"4,593"
18007,590
18009,"1,038"
18011,"3,184"
18013,"1,378"
18015,"1,527"
18017,"2,805"
18019,"8,790"
18021,"1,986"
18023,"2,042"
18025,791
18027,"1,973"
18029,"3,686"
18031,"1,587"
18033,"2,854"
18035,"7,055"
18037,"2,481"
18039,"9,672"
18041,"1,787"
18043,"5,542"
18045,"1,204"
18047,"1,245"
18049,"1,525"
18051,"2,327"
18053,"5,341"
18055,"2,833"
18057,"14,145"
18059,"5,492"
18061,"3,125"
18063,"10,198"
18065,"3,460"
18067,"6,416"
18069,"2,469"
18071,"2,858"
18073,"2,246"
18075,"1,328"
18077,"2,423"
18079,"2,020"
18081,"10,248"
18083,"2,614"
18085,"4,670"
18087,"1,397"
18089,"30,264"
18091,"8,041"
18093,"3,793"
18095,"9,200"
18097,"52,898"
18099,"2,936"
18101,899
18103,"3,281"
18105,"6,661"
18107,"2,542"
18109,"6,048"
18111,962
18113,"2,779"
18115,523
18117,"1,451"
18119,"1,681"
18121,"1,330"
18123,"1,384"
18125,893
18127,"10,494"
18129,"1,808"
18131,886
18133,"2,635"
18135,"1,849"
18137,"2,271"
18139,"1,143"
18141,"15,254"
18143,"1,650"
18145,"3,439"
18147,"1,735"
18149,"1,698"
18151,"2,262"
18153,"1,424"
18155,777
18157,"8,688"
18159,"1,204"
18161,557
18163,"13,792"
18165,"1,364"
18167,"7,607"
18169,"2,231"
18171,625
18173,"4,230"
18175,"2,190"
18177,"5,276"
18179,"1,711"
18181,"1,935"
18183,"2,184"
19001,583
19003,325
19005,"1,052"
19007,"1,020"
19009,461
19011,"2,072"
19013,"8,685"
19015,"2,106"
19017,"1,647"
19019,"1,494"
19021,"1,045"
19023,"1,010"
19025,842
19027,"1,442"
19029,"1,034"
19031,"1,519"
19033,"3,511"
19035,965
19037,945
19039,697
19041,"1,215"
19043,"1,363"
19045,"3,921"
19047,986
19049,"4,147"
19051,591
19053,478
19055,"1,062"
19057,"3,418"
19059,"1,319"
19061,"7,028"
19063,782
19065,"1,620"
19067,"1,342"
19069,706
19071,623
19073,750
19075,850
19077,839
19079,"1,212"
19081,852
19083,"1,268"
19085,"1,155"
19087,"1,455"
19089,664
19091,745
19093,573
19095,"1,197"
19097,"1,586"
19099,"2,620"
19101,"1,146"
19103,"6,279"
19105,"1,706"
19107,728
19109,"1,221"
19111,"3,065"
19113,"15,141"
19115,720
19117,687
19119,628
19121,"1,187"
19123,"1,400"
19125,"2,033"
19127,"2,974"
19129,"1,300"
19131,772
19133,892
19135,559
19137,891
19139,"2,484"
19141,"1,136"
19143,460
19145,"1,223"
19147,683
19149,"1,887"
19151,669
19153,"26,910"
19155,"7,262"
19157,"1,280"
19159,376
19161,866
19163,"12,651"
19165,"1,004"
19167,"1,536"
19169,"4,216"
19171,"1,286"
19173,463
19175,920
19177,624
19179,"2,593"
19181,"3,516"
19183,"1,521"
19185,535
19187,"2,798"
19189,750
19191,"1,309"
19193,"6,900"
19195,640
19197,896
20001,"1,035"
20003,554
20005,"1,082"
20007,311
20009,"1,846"
20011,978
20013,816
20015,"5,098"
20017,241
20019,273
20021,"1,456"
20023,233
20025,152
20027,"1,007"
20029,718
20031,682
20033,133
20035,"2,411"
20037,"2,273"
20039,239
20041,"2,131"
20043,596
20045,"5,300"
20047,202
20049,278
20051,"1,514"
20053,426
20055,"1,105"
20057,"1,151"
20059,"1,697"
20061,"7,085"
20063,164
20065,182
20067,233
20069,191
20071,58
20073,544
20075,112
20077,365
20079,"1,970"
20081,128
20083,163
20085,"1,196"
20087,"1,454"
20089,306
20091,"30,752"
20093,182
20095,566
20097,165
20099,"1,381"
20101,114
20103,"10,243"
20105,268
20107,834
20109,207
20111,"1,884"
20113,"1,725"
20115,680
20117,800
20119,243
20121,"2,252"
20123,409
20125,"2,413"
20127,625
20129,135
20131,601
20133,"1,109"
20135,225
20137,411
20139,"1,455"
20141,235
20143,457
20145,457
20147,350
20149,"1,814"
20151,556
20153,198
20155,"4,274"
20157,457
20159,642
20161,"6,854"
20163,334
20165,274
20167,534
20169,"3,992"
20171,322
20173,"34,386"
20175,592
20177,"14,676"
20179,187
20181,353
20183,332
20185,292
20187,64
20189,223
20191,"1,843"
20193,489
20195,254
20197,618
20199,95
20201,413
20203,79
20205,667
20207,286
20209,"9,524"
21001,"1,081"
21003,"1,438"
21005,"1,644"
21007,645
21009,"2,730"
21011,544
21013,"1,581"
21015,"7,973"
21017,"1,316"
21019,"3,825"
21021,"1,981"
21023,560
21025,608
21027,"1,447"
21029,"6,401"
21031,827
21033,"1,053"
21035,"2,342"
21037,"5,551"
21039,372
21041,733
21043,"1,524"
21045,"1,042"
21047,"8,843"
21049,"2,746"
21051,906
21053,499
21055,656
21057,452
21059,"6,968"
21061,780
21063,321
21065,902
21067,"16,970"
21069,"1,043"
21071,"1,639"
21073,"3,771"
21075,524
21077,645
21079,"1,136"
21081,"1,592"
21083,"2,307"
21085,"1,757"
21087,787
21089,"2,880"
21091,624
21093,"16,386"
21095,"1,737"
21097,"1,379"
21099,"1,064"
21101,"3,132"
21103,"1,085"
21105,294
21107,"3,213"
21109,617
21111,"50,765"
21113,"3,401"
21115,"1,482"
21117,"10,764"
21119,746
21121,"1,637"
21123,"1,105"
21125,"4,001"
21127,861
21129,395
21131,398
21133,"1,172"
21135,853
21137,"1,467"
21139,669
21141,"1,877"
21143,776
21145,"4,995"
21147,"1,041"
21149,546
21151,"5,673"
21153,338
21155,"1,041"
21157,"2,425"
21159,436
21161,"1,159"
21163,"3,560"
21165,386
21167,"1,590"
21169,638
21171,658
21173,"1,676"
21175,569
21177,"1,998"
21179,"3,374"
21181,403
21183,"1,790"
21185,"3,972"
21187,741
21189,166
21191,"1,009"
21193,"1,401"
21195,"2,781"
21197,904
21199,"4,955"
21201,140
21203,953
21205,"1,183"
21207,"1,084"
21209,"3,203"
21211,"2,773"
21213,"1,191"
21215,"1,198"
21217,"1,500"
21219,861
21221,"1,497"
21223,618
21225,921
21227,"7,130"
21229,628
21231,"1,118"
21233,854
21235,"2,496"
21237,355
21239,"1,685"
22001,"3,229"
22003,"1,364"
22005,"5,839"
22007,"1,077"
22009,"2,485"
22011,"3,527"
22013,"1,043"
22015,"14,841"
22017,"18,711"
22019,"14,346"
22021,624
22023,392
22025,493
22027,"1,022"
22029,"1,174"
22031,"1,938"
22033,"23,870"
22035,322
22037,"1,084"
22039,"1,725"
22041,"1,190"
22043,"1,563"
22045,"3,515"
22047,"1,497"
22049,"1,109"
22051,"23,581"
22053,"2,057"
22055,"13,746"
22057,"4,077"
22059,906
22061,"2,489"
22063,"8,736"
22065,536
22067,"1,737"
22069,"2,427"
22071,"18,397"
22073,"9,717"
22075,"1,726"
22077,"1,247"
22079,"10,593"
22081,492
22083,"1,101"
22085,"1,817"
22087,"1,858"
22089,"3,108"
22091,529
22093,"1,026"
22095,"2,683"
22097,"4,687"
22099,"2,836"
22101,"2,937"
22103,"18,765"
22105,"6,979"
22107,279
22109,"5,799"
22111,"1,650"
22113,"3,153"
22115,"8,339"
22117,"3,144"
22119,"2,858"
22121,"1,314"
22123,567
22125,634
22127,866
23001,"9,941"
23003,"6,770"
23005,"20,032"
23007,"2,731"
23009,"4,969"
23011,"10,795"
23013,"3,530"
23015,"3,326"
23017,"5,541"
23019,"13,231"
23021,"1,965"
23023,"4,107"
23025,"4,866"
23027,"3,500"
23029,"3,386"
23031,"18,094"
24001,"6,254"
24003,"52,909"
24005,"49,081"
24009,"9,682"
24011,"2,371"
24013,"10,716"
24015,"7,436"
24017,"17,123"
24019,"2,614"
24021,"17,586"
24023,"2,344"
24025,"19,896"
24027,"18,347"
24029,"1,845"
24031,"43,450"
24033,"60,379"
24035,"3,778"
24037,"12,990"
24039,"1,731"
24041,"3,430"
24043,"11,299"
24045,"7,074"
24047,"4,916"
24510,"31,785"
25001,"19,397"
25003,"9,103"
25005,"30,829"
25007,946
25009,"36,954"
25011,"5,098"
25013,"28,069"
25015,"9,467"
25017,"62,839"
25019,584
25021,"32,408"
25023,"32,218"
25025,"21,194"
25027,"47,151"
26001,"1,509"
26003,957
26005,"6,920"
26007,"2,757"
26009,"2,168"
26011,"1,321"
26013,768
26015,"4,443"
26017,"7,495"
26019,"1,777"
26021,"11,355"
26023,"2,921"
26025,"10,963"
26027,"4,162"
26029,"2,228"
26031,"2,484"
26033,"3,310"
26035,"2,715"
26037,"4,925"
26039,"1,564"
26041,"3,936"
26043,"2,662"
26045,"7,226"
26047,"2,546"
26049,"27,435"
26051,"2,412"
26053,"1,623"
26055,"6,426"
26057,"2,531"
26059,"3,341"
26061,"2,701"
26063,"2,407"
26065,"14,212"
26067,"4,041"
26069,"3,245"
26071,"1,417"
26073,"3,089"
26075,"10,997"
26077,"13,826"
26079,"1,574"
26081,"32,560"
26083,306
26085,"1,174"
26087,"6,069"
26089,"1,889"
26091,"7,420"
26093,"10,863"
26095,531
26097,"1,038"
26099,"49,596"
26101,"2,455"
26103,"6,422"
26105,"2,537"
26107,"3,045"
26109,"2,301"
26111,"5,238"
26113,"1,101"
26115,"11,416"
26117,"4,516"
26119,"1,071"
26121,"12,964"
26123,"3,763"
26125,"60,366"
26127,"2,111"
26129,"2,248"
26131,898
26133,"2,046"
26135,960
26137,"2,262"
26139,"13,912"
26141,"1,388"
26143,"2,811"
26145,"13,968"
26147,"13,029"
26149,"3,917"
26151,"2,935"
26153,763
26155,"4,850"
26157,"4,031"
26159,"4,909"
26161,"14,315"
26163,"91,203"
26165,"2,682"
27001,"1,874"
27003,"22,462"
27005,"3,058"
27007,"3,111"
27009,"3,012"
27011,448
27013,"3,740"
27015,"1,893"
27017,"2,882"
27019,"4,685"
27021,"3,023"
27023,822
27025,"3,995"
27027,"3,858"
27029,875
27031,458
27033,817
27035,"5,861"
27037,"25,689"
27039,"1,349"
27041,"3,095"
27043,"1,183"
27045,"1,483"
27047,"2,541"
27049,"3,738"
27051,508
27053,"56,055"
27055,"1,391"
27057,"2,062"
27059,"2,871"
27061,"4,354"
27063,756
27065,"1,411"
27067,"2,516"
27069,316
27071,"1,186"
27073,607
27075,"1,100"
27077,377
27079,"1,952"
27081,492
27083,"1,482"
27085,"2,706"
27087,377
27089,623
27091,"1,621"
27093,"1,795"
27095,"2,287"
27097,"2,735"
27099,"2,745"
27101,720
27103,"2,004"
27105,"1,141"
27107,493
27109,"9,594"
27111,"4,985"
27113,954
27115,"2,526"
27117,657
27119,"2,236"
27121,908
27123,"25,203"
27125,259
27127,"1,103"
27129,"1,067"
27131,"4,123"
27133,668
27135,"1,150"
27137,"16,024"
27139,"6,722"
27141,"5,892"
27143,894
27145,"10,246"
27147,"2,485"
27149,557
27151,683
27153,"1,925"
27155,329
27157,"1,833"
27159,"1,225"
27161,"1,277"
27163,"14,467"
27165,797
27167,459
27169,"2,889"
27171,"7,823"
27173,768
28001,"1,852"
28003,"1,924"
28005,762
28007,"1,166"
28009,368
28011,"1,342"
28013,746
28015,571
28017,788
28019,567
28021,420
28023,"1,014"
28025,"1,127"
28027,"1,101"
28029,"1,720"
28031,"1,266"
28033,"10,685"
28035,"5,913"
28037,498
28039,"1,344"
28041,771
28043,"1,463"
28045,"4,130"
28047,"22,664"
28049,"13,826"
28051,571
28053,389
28055,71
28057,"1,343"
28059,"14,422"
28061,"1,040"
28063,276
28065,752
28067,"4,138"
28069,615
28071,"2,312"
28073,"3,927"
28075,"6,369"
28077,717
28079,"1,201"
28081,"5,181"
28083,"1,228"
28085,"1,809"
28087,"4,796"
28089,"5,755"
28091,"1,436"
28093,"1,815"
28095,"2,441"
28097,707
28099,"1,657"
28101,"1,576"
28103,414
28105,"2,065"
28107,"1,957"
28109,"4,618"
28111,892
28113,"2,598"
28115,"1,538"
28117,"1,234"
28119,346
28121,"9,130"
28123,"1,290"
28125,206
28127,"1,565"
28129,852
28131,"1,388"
28133,"1,092"
28135,635
28137,"1,536"
28139,"1,095"
28141,"1,151"
28143,477
28145,"1,499"
28147,732
28149,"2,953"
28151,"2,671"
28153,956
28155,631
28157,316
28159,"1,081"
28161,790
28163,"1,311"
29001,"1,524"
29003,"1,184"
29005,465
29007,"1,777"
29009,"3,031"
29011,899
29013,"1,203"
29015,"2,258"
29017,822
29019,"10,062"
29021,"6,867"
29023,"3,778"
29025,811
29027,"3,527"
29029,"4,509"
29031,"6,032"
29033,757
29035,617
29037,"8,441"
29039,"1,344"
29041,606
29043,"7,031"
29045,463
29047,"17,604"
29049,"2,037"
29051,"6,474"
29053,"1,299"
29055,"2,236"
29057,744
29059,"1,532"
29061,717
29063,931
29065,"1,407"
29067,939
29069,"2,041"
29071,"8,131"
29073,"1,420"
29075,494
29077,"21,578"
29079,877
29081,753
29083,"2,095"
29085,869
29087,388
29089,760
29091,"3,543"
29093,900
29095,"47,746"
29097,"7,943"
29099,"17,916"
29101,"6,503"
29103,286
29105,"3,128"
29107,"2,758"
29109,"3,258"
29111,806
29113,"3,915"
29115,907
29117,"1,158"
29119,"1,850"
29121,"1,252"
29123,"1,111"
29125,932
29127,"2,204"
29129,273
29131,"2,174"
29133,826
29135,"1,052"
29137,601
29139,914
29141,"1,993"
29143,"1,346"
29145,"4,431"
29147,"1,307"
29149,902
29151,992
29153,"1,101"
29155,"1,110"
29157,"1,417"
29159,"3,533"
29161,"4,067"
29163,"1,324"
29165,"6,791"
29167,"2,463"
29169,"8,318"
29171,463
29173,813
29175,"1,852"
29177,"1,923"
29179,652
29181,"1,200"
29183,"26,722"
29185,"1,027"
29186,"1,371"
29187,"5,295"
29189,"61,182"
29195,"1,689"
29197,276
29199,348
29201,"3,006"
29203,669
29205,471
29207,"2,533"
29209,"3,363"
29211,402
29213,"4,851"
29215,"2,427"
29217,"1,606"
29219,"2,750"
29221,"1,979"
29223,"1,298"
29225,"2,724"
29227,181
29229,"1,586"
29510,"17,636"
30001,770
30003,624
30005,453
30007,648
30009,"1,027"
30011,100
30013,"11,156"
30015,408
30017,"1,069"
30019,156
30021,710
30023,923
30025,165
30027,"1,012"
30029,"8,755"
30031,"6,003"
30033,71
30035,702
30037,80
30039,388
30041,"1,325"
30043,"1,376"
30045,180
30047,"2,700"
30049,"6,713"
30051,139
30053,"2,504"
30055,143
30057,730
30059,198
30061,565
30063,"8,537"
30065,553
30067,"1,421"
30069,22
30071,386
30073,505
30075,114
30077,728
30079,115
30081,"4,532"
30083,853
30085,616
30087,714
30089,"1,418"
30091,257
30093,"2,965"
30095,847
30097,358
30099,610
30101,470
30103,70
30105,701
30107,192
30109,95
30111,"13,508"
31001,"2,247"
31003,538
31005,35
31007,42
31009,32
31011,420
31013,867
31015,197
31017,248
31019,"2,645"
31021,537
31023,602
31025,"2,826"
31027,645
31029,286
31031,497
31033,718
31035,496
31037,502
31039,621
31041,746
31043,"1,104"
31045,692
31047,"1,087"
31049,192
31051,425
31053,"2,944"
31055,"33,438"
31057,175
31059,464
31061,252
31063,199
31065,326
31067,"1,625"
31069,177
31071,181
31073,139
31075,68
31077,192
31079,"4,004"
31081,794
31083,300
31085,117
31087,225
31089,785
31091,66
31093,512
31095,569
31097,338
31099,523
31101,734
31103,60
31105,307
31107,737
31109,"18,048"
31111,"3,026"
31113,72
31115,65
31117,40
31119,"2,340"
31121,648
31123,330
31125,248
31127,552
31129,474
31131,"1,254"
31133,224
31135,196
31137,595
31139,569
31141,"2,033"
31143,374
31145,851
31147,726
31149,120
31151,830
31153,"18,791"
31155,"1,668"
31157,"2,575"
31159,"1,064"
31161,431
31163,274
31165,112
31167,380
31169,455
31171,56
31173,363
31175,371
31177,"1,509"
31179,602
31181,306
31183,74
31185,858
32001,"3,523"
32003,"151,579"
32005,"4,916"
32007,"3,187"
32009,97
32011,273
32013,"1,215"
32015,427
32017,419
32019,"6,445"
32021,600
32023,"6,261"
32027,486
32029,465
32031,"36,096"
32033,783
32510,"5,223"
33001,"5,678"
33003,"4,729"
33005,"6,460"
33007,"3,365"
33009,"7,276"
33011,"29,963"
33013,"12,818"
33015,"23,281"
33017,"10,650"
33019,"3,898"
34001,"15,558"
34003,"29,500"
34005,"32,631"
34007,"27,505"
34009,"8,195"
34011,"7,624"
34013,"23,251"
34015,"16,835"
34017,"14,567"
34019,"6,052"
34021,"13,576"
34023,"27,266"
34025,"27,102"
34027,"20,206"
34029,"41,058"
34031,"14,904"
34033,"4,371"
34035,"10,684"
34037,"8,199"
34039,"16,253"
34041,"6,182"
35001,"53,591"
35003,339
35005,"5,098"
35006,"1,756"
35007,"1,363"
35009,"5,169"
35011,192
35013,"14,459"
35015,"3,904"
35017,"3,189"
35019,305
35021,113
35023,311
35025,"3,461"
35027,"2,172"
35028,"1,353"
35029,"2,079"
35031,"3,171"
35033,334
35035,"8,680"
35037,857
35039,"2,217"
35041,"1,174"
35043,"12,433"
35045,"7,831"
35047,"2,111"
35049,"10,105"
35051,"1,919"
35053,"1,119"
35055,"2,571"
35057,"1,261"
35059,327
35061,"6,346"
36001,"16,543"
36003,"4,017"
36005,"30,554"
36007,"13,495"
36009,"6,811"
36011,"5,719"
36013,"10,305"
36015,"7,307"
36017,"4,060"
36019,"7,445"
36021,"4,106"
36023,"3,043"
36025,"3,407"
36027,"14,951"
36029,"58,517"
36031,"3,365"
36033,"3,654"
36035,"4,029"
36037,"4,430"
36039,"3,702"
36041,576
36043,"5,264"
36045,"14,805"
36047,"44,347"
36049,"2,331"
36051,"3,657"
36053,"5,087"
36055,"39,801"
36057,"3,512"
36059,"48,869"
36061,"35,092"
36063,"15,527"
36065,"17,081"
36067,"29,441"
36069,"8,000"
36071,"21,198"
36073,"2,982"
36075,"9,530"
36077,"4,394"
36079,"4,404"
36081,"47,672"
36083,"10,370"
36085,"17,415"
36087,"9,176"
36089,"8,718"
36091,"18,140"
36093,"9,489"
36095,"2,641"
36097,"1,604"
36099,"2,664"
36101,"9,131"
36103,"68,418"
36105,"4,461"
36107,"4,275"
36109,"4,222"
36111,"10,668"
36113,"5,977"
36115,"5,045"
36117,"7,038"
36119,"29,663"
36121,"2,850"
36123,"1,835"
37001,"9,832"
37003,"2,284"
37005,863
37007,"1,532"
37009,"1,896"
37011,"1,178"
37013,"3,571"
37015,"1,124"
37017,"2,065"
37019,"13,741"
37021,"18,739"
37023,"6,811"
37025,"13,007"
37027,"5,526"
37029,"1,247"
37031,"8,042"
37033,"1,570"
37035,"9,901"
37037,"5,380"
37039,"2,695"
37041,"1,273"
37043,"1,100"
37045,"6,299"
37047,"3,854"
37049,"15,848"
37051,"58,013"
37053,"3,216"
37055,"3,186"
37057,"10,705"
37059,"2,956"
37061,"3,460"
37063,"14,909"
37065,"3,507"
37067,"23,883"
37069,"3,836"
37071,"14,438"
37073,"1,092"
37075,565
37077,"3,826"
37079,"1,080"
37081,"31,149"
37083,"3,275"
37085,"14,367"
37087,"5,748"
37089,"9,413"
37091,"1,453"
37093,"7,099"
37095,269
37097,"10,483"
37099,"2,953"
37101,"13,353"
37103,"1,114"
37105,"4,861"
37107,"4,286"
37109,"5,223"
37111,"3,394"
37113,"3,656"
37115,"1,489"
37117,"1,678"
37119,"50,793"
37121,"1,043"
37123,"1,731"
37125,"10,069"
37127,"6,491"
37129,"15,978"
37131,"1,485"
37133,"34,739"
37135,"5,606"
37137,"1,389"
37139,"4,399"
37141,"5,365"
37143,"1,517"
37145,"2,744"
37147,"10,747"
37149,"1,851"
37151,"9,168"
37153,"3,337"
37155,"7,541"
37157,"6,409"
37159,"10,235"
37161,"4,454"
37163,"3,934"
37165,"2,490"
37167,"3,976"
37169,"3,185"
37171,"4,548"
37173,"1,061"
37175,"3,357"
37177,258
37179,"12,094"
37181,"2,564"
37183,"52,400"
37185,"1,509"
37187,775
37189,"2,804"
37191,"12,604"
37193,"4,742"
37195,"5,163"
37197,"2,252"
37199,"1,258"
38001,201
38003,785
38005,379
38007,102
38009,521
38011,221
38013,155
38015,"6,628"
38017,"10,178"
38019,331
38021,328
38023,194
38025,362
38027,162
38029,260
38031,217
38033,134
38035,"4,785"
38037,189
38039,190
38041,195
38043,146
38045,255
38047,138
38049,470
38051,200
38053,788
38055,823
38057,666
38059,"2,070"
38061,532
38063,291
38065,107
38067,529
38069,298
38071,934
38073,349
38075,282
38077,"1,008"
38079,600
38081,275
38083,115
38085,204
38087,48
38089,"1,867"
38091,183
38093,"1,479"
38095,160
38097,592
38099,790
38101,"6,933"
38103,290
38105,"2,099"
39001,"1,886"
39003,"7,218"
39005,"4,036"
39007,"8,437"
39009,"3,357"
39011,"3,255"
39013,"5,377"
39015,"3,500"
39017,"23,946"
39019,"2,418"
39021,"3,141"
39023,"13,514"
39025,"14,833"
39027,"3,245"
39029,"8,957"
39031,"2,759"
39033,"3,607"
39035,"72,820"
39037,"3,797"
39039,"2,722"
39041,"10,037"
39043,"6,356"
39045,"11,193"
39047,"2,156"
39049,"70,153"
39051,"2,796"
39053,"2,278"
39055,"5,270"
39057,"16,976"
39059,"3,164"
39061,"45,934"
39063,"5,466"
39065,"2,081"
39067,"1,354"
39069,"2,098"
39071,"3,374"
39073,"2,287"
39075,"1,469"
39077,"4,177"
39079,"2,455"
39081,"5,442"
39083,"4,450"
39085,"16,660"
39087,"4,723"
39089,"13,539"
39091,"3,485"
39093,"23,381"
39095,"26,664"
39097,"2,815"
39099,"17,660"
39101,"4,937"
39103,"12,421"
39105,"1,822"
39107,"2,586"
39109,"8,570"
39111,"1,244"
39113,"44,379"
39115,"1,204"
39117,"2,736"
39119,"6,600"
39121,984
39123,"3,601"
39125,"1,464"
39127,"2,608"
39129,"4,209"
39131,"2,017"
39133,"10,836"
39135,"3,190"
39137,"1,809"
39139,"9,717"
39141,"6,182"
39143,"4,440"
39145,"5,690"
39147,"3,976"
39149,"3,273"
39151,"26,646"
39153,"35,841"
39155,"18,072"
39157,"6,627"
39159,"3,240"
39161,"2,027"
39163,959
39165,"15,083"
39167,"5,308"
39169,"7,026"
39171,"2,650"
39173,"7,968"
39175,"1,604"
40001,"1,349"
40003,471
40005,"1,039"
40007,315
40009,"1,233"
40011,661
40013,"3,216"
40015,"2,102"
40017,"10,571"
40019,"3,597"
40021,"3,464"
40023,"1,149"
40025,132
40027,"22,316"
40029,372
40031,"19,010"
40033,561
40035,"1,213"
40037,"6,186"
40039,"1,829"
40041,"3,961"
40043,333
40045,285
40047,"5,321"
40049,"1,893"
40051,"4,191"
40053,350
40055,432
40057,198
40059,187
40061,934
40063,"1,022"
40065,"3,292"
40067,426
40069,813
40071,"3,574"
40073,733
40075,771
40077,879
40079,"3,983"
40081,"3,159"
40083,"3,722"
40085,658
40087,"2,862"
40089,"2,332"
40091,"2,062"
40093,579
40095,"1,205"
40097,"3,538"
40099,"1,168"
40101,"5,850"
40103,815
40105,818
40107,894
40109,"57,611"
40111,"3,280"
40113,"3,684"
40115,"2,610"
40117,"1,356"
40119,"4,362"
40121,"4,006"
40123,"2,611"
40125,"6,194"
40127,"1,026"
40129,238
40131,"8,505"
40133,"1,916"
40135,"3,218"
40137,"3,873"
40139,633
40141,574
40143,"43,150"
40145,"6,423"
40147,"4,181"
40149,844
40151,554
40153,"1,198"
41001,"1,869"
41003,"5,792"
41005,"30,006"
41007,"3,940"
41009,"4,997"
41011,"7,465"
41013,"2,367"
41015,"3,216"
41017,"14,994"
41019,"13,153"
41021,242
41023,749
41025,664
41027,"1,307"
41029,"20,566"
41031,"1,726"
41033,"8,879"
41035,"7,814"
41037,858
41039,"30,464"
41041,"5,557"
41043,"11,933"
41045,"2,035"
41047,"22,849"
41049,863
41051,"41,815"
41053,"6,753"
41055,205
41057,"2,533"
41059,"5,583"
41061,"2,140"
41063,716
41065,"2,580"
41067,"35,395"
41069,178
41071,"8,130"
42001,"8,882"
42003,"84,170"
42005,"5,641"
42007,"14,947"
42009,"3,937"
42011,"24,508"
42013,"10,853"
42015,"5,541"
42017,"35,848"
42019,"14,134"
42021,"11,923"
42023,544
42025,"5,296"
42027,"8,047"
42029,"25,304"
42031,"2,876"
42033,"6,914"
42035,"3,148"
42037,"4,807"
42039,"7,180"
42041,"20,788"
42043,"19,468"
42045,"29,581"
42047,"2,796"
42049,"21,143"
42051,"10,311"
42053,620
42055,"13,054"
42057,"1,205"
42059,"3,006"
42061,"3,547"
42063,"5,928"
42065,"3,737"
42067,"1,498"
42069,"15,481"
42071,"31,588"
42073,"7,164"
42075,"10,948"
42077,"21,268"
42079,"24,703"
42081,"8,944"
42083,"3,754"
42085,"9,831"
42087,"3,996"
42089,"10,454"
42091,"42,223"
42093,"1,528"
42095,"20,406"
42097,"7,799"
42099,"3,758"
42101,"67,966"
42103,"4,929"
42105,"1,687"
42107,"12,331"
42109,"2,300"
42111,"6,249"
42113,718
42115,"3,558"
42117,"3,768"
42119,"2,731"
42121,"5,157"
42123,"3,888"
42125,"16,436"
42127,"4,483"
42129,"28,774"
42131,"2,222"
42133,"33,285"
44001,"2,945"
44003,"12,805"
44005,"7,628"
44007,"32,838"
44009,"9,254"
45001,"1,769"
45003,"13,991"
45005,531
45007,"15,444"
45009,"1,264"
45011,"1,333"
45013,"22,735"
45015,"22,816"
45017,"1,049"
45019,"32,530"
45021,"3,702"
45023,"2,339"
45025,"2,781"
45027,"2,732"
45029,"3,963"
45031,"5,118"
45033,"2,016"
45035,"17,276"
45037,"1,796"
45039,"1,665"
45041,"10,158"
45043,"6,169"
45045,"31,849"
45047,"4,778"
45049,"1,341"
45051,"29,557"
45053,"2,144"
45055,"6,210"
45057,"5,380"
45059,"5,044"
45061,"1,062"
45063,"23,560"
45065,"1,041"
45067,"2,276"
45069,"2,005"
45071,"2,544"
45073,"6,356"
45075,"6,482"
45077,"7,339"
45079,"36,941"
45081,"1,283"
45083,"20,300"
45085,"12,685"
45087,"2,010"
45089,"2,013"
45091,"16,572"
46003,216
46005,"1,160"
46007,181
46009,503
46011,"1,913"
46013,"2,562"
46015,345
46017,112
46019,994
46021,101
46023,628
46025,237
46027,770
46029,"2,110"
46031,238
46033,"1,164"
46035,"1,376"
46037,565
46039,347
46041,379
46043,270
46045,281
46047,931
46049,176
46051,562
46053,338
46055,120
46057,439
46059,245
46061,216
46063,63
46065,"1,289"
46067,501
46069,103
46071,198
46073,133
46075,53
46077,371
46079,909
46081,"2,190"
46083,"3,003"
46085,238
46087,404
46089,241
46091,302
46093,"3,228"
46095,87
46097,155
46099,"12,539"
46101,455
46102,648
46103,"12,418"
46105,230
46107,200
46109,750
46111,190
46115,457
46117,200
46119,77
46121,479
46123,338
46125,628
46127,"1,170"
46129,422
46135,"1,669"
46137,75
47001,"6,557"
47003,"3,091"
47005,"1,605"
47007,952
47009,"11,273"
47011,"7,624"
47013,"2,894"
47015,"1,076"
47017,"2,267"
47019,"4,952"
47021,"3,087"
47023,"1,114"
47025,"1,909"
47027,552
47029,"2,910"
47031,"4,958"
47033,811
47035,"6,876"
47037,"33,007"
47039,956
47041,"1,225"
47043,"4,019"
47045,"2,520"
47047,"2,762"
47049,"1,279"
47051,"3,702"
47053,"3,573"
47055,"2,205"
47057,"1,443"
47059,"5,203"
47061,939
47063,"4,596"
47065,"23,854"
47067,372
47069,"1,544"
47071,"2,142"
47073,"4,788"
47075,"1,235"
47077,"1,739"
47079,"3,297"
47081,"1,689"
47083,741
47085,"1,600"
47087,813
47089,"4,398"
47091,"1,347"
47093,"30,972"
47095,366
47097,"1,542"
47099,"2,804"
47101,863
47103,"2,656"
47105,"5,074"
47107,"4,022"
47109,"2,008"
47111,"1,395"
47113,"6,538"
47115,"2,193"
47117,"2,138"
47119,"5,818"
47121,996
47123,"3,749"
47125,"33,767"
47127,524
47129,"1,764"
47131,"2,220"
47133,"1,337"
47135,567
47137,538
47139,"1,236"
47141,"4,667"
47143,"2,442"
47145,"5,215"
47147,"5,193"
47149,"20,281"
47151,"1,217"
47153,"1,165"
47155,"8,177"
47157,"55,617"
47159,"1,313"
47161,"1,789"
47163,"12,596"
47165,"12,614"
47167,"5,091"
47169,459
47171,"1,515"
47173,"1,219"
47175,430
47177,"2,429"
47179,"10,206"
47181,"1,106"
47183,"2,360"
47185,"2,094"
47187,"9,964"
47189,"8,940"
48001,"3,441"
48003,686
48005,"5,712"
48007,"2,623"
48009,681
48011,177
48013,"3,087"
48015,"1,765"
48017,332
48019,"2,607"
48021,"5,763"
48023,236
48025,"2,129"
48027,"58,869"
48029,"163,643"
48031,"1,004"
48033,47
48035,"1,558"
48037,"7,507"
48039,"18,926"
48041,"8,421"
48043,884
48045,82
48047,284
48049,"3,144"
48051,"1,360"
48053,"3,984"
48055,"2,495"
48057,"1,397"
48059,"1,346"
48061,"16,007"
48063,860
48065,388
48067,"2,563"
48069,243
48071,"2,380"
48073,"3,261"
48075,505
48077,885
48079,127
48081,263
48083,720
48085,"45,262"
48087,176
48089,"1,283"
48091,"13,247"
48093,"1,001"
48095,176
48097,"2,792"
48099,"13,012"
48101,91
48103,160
48105,152
48107,258
48109,112
48111,360
48113,"101,081"
48115,533
48117,616
48119,557
48121,"41,188"
48123,"1,320"
48125,174
48127,394
48129,261
48131,579
48133,"1,465"
48135,"7,027"
48137,151
48139,"11,211"
48141,"57,806"
48143,"2,074"
48145,"1,248"
48147,"3,051"
48149,"1,782"
48151,301
48153,342
48155,90
48157,"27,837"
48159,862
48161,"1,262"
48163,930
48165,488
48167,"23,973"
48169,208
48171,"2,335"
48173,52
48175,543
48177,"1,119"
48179,"1,404"
48181,"9,490"
48183,"8,437"
48185,"1,765"
48187,"18,668"
48189,"1,383"
48191,232
48193,798
48195,208
48197,204
48199,"4,210"
48201,"181,297"
48203,"4,525"
48205,244
48207,291
48209,"12,452"
48211,206
48213,"6,820"
48215,"21,164"
48217,"2,779"
48219,"1,098"
48221,"5,632"
48223,"2,433"
48225,"1,761"
48227,"2,385"
48229,144
48231,"7,627"
48233,"1,437"
48235,113
48237,523
48239,914
48241,"2,525"
48243,172
48245,"16,736"
48247,304
48249,"1,995"
48251,"11,119"
48253,"1,131"
48255,784
48257,"7,786"
48259,"3,247"
48261,12
48263,46
48265,"5,513"
48267,434
48269,2
48271,332
48273,"2,039"
48275,205
48277,"3,756"
48279,611
48281,"3,191"
48283,139
48285,"1,262"
48287,"1,203"
48289,"1,533"
48291,"5,116"
48293,"1,521"
48295,164
48297,"1,078"
48299,"2,554"
48301,4
48303,"15,696"
48305,248
48307,606
48309,"15,959"
48311,42
48313,832
48315,"1,090"
48317,199
48319,306
48321,"2,340"
48323,"1,254"
48325,"4,277"
48327,166
48329,"7,673"
48331,"1,816"
48333,372
48335,402
48337,"1,668"
48339,"34,272"
48341,780
48343,"1,051"
48345,71
48347,"3,390"
48349,"3,086"
48351,"1,147"
48353,"1,019"
48355,"27,454"
48357,405
48359,133
48361,"6,976"
48363,"2,023"
48365,"1,608"
48367,"10,230"
48369,332
48371,765
48373,"3,861"
48375,"6,489"
48377,294
48379,"1,168"
48381,"8,040"
48383,117
48385,385
48387,958
48389,446
48391,524
48393,48
48395,"1,010"
48397,"5,917"
48399,797
48401,"3,366"
48403,"1,236"
48405,695
48407,"2,309"
48409,"5,191"
48411,382
48413,189
48415,836
48417,218
48419,"1,490"
48421,146
48423,"14,431"
48425,662
48427,779
48429,543
48431,49
48433,129
48435,185
48437,394
48439,"120,509"
48441,"11,928"
48443,116
48445,482
48447,132
48449,"1,631"
48451,"10,058"
48453,"52,449"
48455,"1,484"
48457,"1,653"
48459,"3,033"
48461,159
48463,"1,176"
48465,"3,215"
48467,"4,094"
48469,"6,572"
48471,"3,724"
48473,"2,192"
48475,699
48477,"2,034"
48479,"5,742"
48481,"1,991"
48483,278
48485,"11,982"
48487,755
48489,766
48491,"36,043"
48493,"4,444"
48495,375
48497,"4,696"
48499,"4,364"
48501,215
48503,"1,433"
48505,358
48507,317
49001,349
49003,"2,636"
49005,"3,646"
49007,"1,333"
49009,89
49011,"18,997"
49013,951
49015,421
49017,365
49019,630
49021,"2,689"
49023,469
49025,617
49027,618
49029,561
49031,148
49033,142
49035,"44,885"
49037,592
49039,"1,324"
49041,"1,406"
49043,"1,756"
49045,"4,064"
49047,"1,633"
49049,"17,218"
49051,"1,050"
49053,"9,931"
49055,121
49057,"17,345"
50001,"2,299"
50003,"2,939"
50005,"2,462"
50007,"9,221"
50009,600
50011,"3,647"
50013,548
50015,"1,643"
50017,"2,259"
50019,"2,142"
50021,"4,694"
50023,"4,154"
50025,"3,096"
50027,"4,565"
51001,"3,130"
51003,"7,875"
51005,"1,485"
51007,"1,137"
51009,"2,543"
51011,"1,191"
51013,"13,541"
51015,"5,528"
51017,428
51019,"6,465"
51021,496
51023,"2,841"
51025,"1,125"
51027,918
51029,"1,124"
51031,"4,684"
51033,"2,777"
51035,"2,265"
51036,650
51037,869
51041,"27,471"
51043,"1,341"
51045,520
51047,"4,133"
51049,731
51051,905
51053,"2,619"
51057,857
51059,"74,073"
51061,"6,137"
51063,"1,299"
51065,"2,391"
51067,"4,408"
51069,"7,001"
51071,"1,467"
51073,"4,589"
51075,"1,716"
51077,"1,096"
51079,"1,871"
51081,738
51083,"2,620"
51085,"7,571"
51087,"19,696"
51089,"4,033"
51091,212
51093,"4,185"
51095,"9,068"
51097,567
51099,"3,140"
51101,"1,296"
51103,"1,205"
51105,"1,733"
51107,"20,283"
51109,"3,307"
51111,"1,088"
51113,"1,028"
51115,"1,036"
51117,"2,789"
51119,"1,155"
51121,"4,509"
51125,"1,104"
51127,"1,901"
51131,"1,154"
51133,"1,431"
51135,"1,139"
51137,"3,445"
51139,"1,891"
51141,"1,358"
51143,"4,917"
51145,"2,049"
51147,"1,573"
51149,"5,076"
51153,"42,376"
51155,"2,801"
51157,664
51159,546
51161,"8,076"
51163,"1,953"
51165,"4,540"
51167,"1,360"
51169,"1,476"
51171,"3,625"
51173,"2,299"
51175,"1,568"
51177,"14,496"
51179,"21,484"
51181,666
51183,828
51185,"2,842"
51187,"3,498"
51191,"4,226"
51193,"1,866"
51195,"2,582"
51197,"2,258"
51199,"9,698"
51510,"11,493"
51520,"1,369"
51530,402
51540,"1,868"
51550,"31,179"
51570,"1,898"
51580,455
51590,"3,609"
51595,366
51600,"1,708"
51610,747
51620,742
51630,"2,144"
51640,434
51650,"21,812"
51660,"1,521"
51670,"2,216"
51678,245
51680,"4,676"
51683,"2,564"
51685,920
51690,"1,060"
51700,"24,685"
51710,"30,328"
51720,236
51730,"3,690"
51735,"1,472"
51740,"11,751"
51750,804
51760,"11,760"
51770,"7,036"
51775,"2,005"
51790,"1,813"
51800,"11,359"
51810,"64,661"
51820,"1,669"
51830,"1,043"
51840,"1,939"
53001,594
53003,"2,343"
53005,"14,338"
53007,"5,046"
53009,"8,853"
53011,"35,986"
53013,459
53015,"9,712"
53017,"2,971"
53019,853
53021,"3,616"
53023,231
53025,"5,076"
53027,"6,621"
53029,"13,455"
53031,"4,006"
53033,"110,484"
53035,"37,086"
53037,"3,000"
53039,"2,011"
53041,"8,023"
53043,"1,222"
53045,"7,759"
53047,"3,456"
53049,"2,637"
53051,"1,606"
53053,"90,934"
53055,"1,535"
53057,"11,073"
53059,"1,188"
53061,"55,123"
53063,"44,671"
53065,"5,173"
53067,"32,076"
53069,471
53071,"4,600"
53073,"13,785"
53075,"2,298"
53077,"13,428"
54001,"1,333"
54003,"10,664"
54005,"1,544"
54007,"1,260"
54009,"1,878"
54011,"6,921"
54013,597
54015,748
54017,628
54019,"3,826"
54021,533
54023,904
54025,"3,226"
54027,"1,671"
54029,"2,830"
54031,"1,151"
54033,"6,430"
54035,"2,518"
54037,"4,641"
54039,"14,471"
54041,"1,396"
54043,"1,327"
54045,"2,122"
54047,"1,221"
54049,"4,809"
54051,"2,602"
54053,"2,166"
54055,"4,803"
54057,"2,151"
54059,"1,289"
54061,"5,541"
54063,972
54065,"1,588"
54067,"1,942"
54069,"3,470"
54071,607
54073,652
54075,695
54077,"2,570"
54079,"4,793"
54081,"6,550"
54083,"2,355"
54085,852
54087,"1,112"
54089,"1,048"
54091,"1,486"
54093,643
54095,751
54097,"2,058"
54099,"2,943"
54101,560
54103,"1,461"
54105,514
54107,"7,188"
54109,"1,299"
55001,"2,317"
55003,"1,348"
55005,"3,658"
55007,"1,547"
55009,"16,405"
55011,983
55013,"1,785"
55015,"2,854"
55017,"4,861"
55019,"2,010"
55021,"4,288"
55023,"1,262"
55025,"24,653"
55027,"5,901"
55029,"2,352"
55031,"3,790"
55033,"2,853"
55035,"6,650"
55037,570
55039,"6,866"
55041,935
55043,"3,112"
55045,"2,265"
55047,"1,354"
55049,"1,542"
55051,676
55053,"1,716"
55055,"6,013"
55057,"2,398"
55059,"10,457"
55061,"1,328"
55063,"7,637"
55065,962
55067,"1,637"
55069,"2,497"
55071,"5,867"
55073,"9,587"
55075,"4,474"
55077,"1,539"
55078,295
55079,"47,582"
55081,"5,209"
55083,"3,136"
55085,"3,637"
55087,"11,979"
55089,"4,963"
55091,564
55093,"2,485"
55095,"3,553"
55097,"4,703"
55099,"1,290"
55101,"12,794"
55103,"1,269"
55105,"12,013"
55107,"1,321"
55109,"5,406"
55111,"4,560"
55113,"1,627"
55115,"3,233"
55117,"7,150"
55119,"1,435"
55121,"1,907"
55123,"2,100"
55125,"2,345"
55127,"6,599"
55129,"1,635"
55131,"8,616"
55133,"22,038"
55135,"4,491"
55137,"2,184"
55139,"12,448"
55141,"6,087"
56001,"2,223"
56003,900
56005,"2,862"
56007,"1,096"
56009,"1,210"
56011,574
56013,"2,852"
56015,"1,219"
56017,519
56019,900
56021,"11,861"
56023,989
56025,"6,286"
56027,242
56029,"2,654"
56031,865
56033,"2,814"
56035,576
56037,"3,218"
56039,961
56041,"1,255"
56043,734
56045,662
72000,"82,574"
90060,"1,223"
90066,"9,933"
90069,885
90078,"4,479"
99000,"92,540"